metric,source_cb031ac_test_tau04,local_rerun_test_tau04,absolute_difference
avg_dice,0.6323378375690917,0.6323291135870892,8.7239820024676e-06
avg_iou,0.4966904059376406,0.49668160790334576,8.798034294821289e-06
avg_precision,0.6457968987848448,0.6457885647921459,8.333992698950077e-06
avg_recall,0.7297747149415638,0.7297662287950516,8.486146512165504e-06
