{
  "samples": 115,
  "predictions_csv": "/zhome/da/1/205333/bachelor_seg/runs_la_lb_bce_dice_percentile_batch1_80_10_10/20260521_204006/inference/predictions.csv",
  "pred_mask_dir": "/zhome/da/1/205333/bachelor_seg/runs_la_lb_bce_dice_percentile_batch1_80_10_10/20260521_204006/inference/pred_masks",
  "checkpoint": "/zhome/da/1/205333/bachelor_seg/runs_la_lb_bce_dice_percentile_batch1_80_10_10/20260521_204006/checkpoints/best.pt",
  "device_used": "cuda",
  "img_size": 512,
  "image_normalization": "percentile",
  "percentile_low": 2.0,
  "percentile_high": 98.0,
  "histogram_reference_path": "",
  "avg_dice": 0.6305022296698197,
  "avg_f1": 0.6305022296698197,
  "avg_iou": 0.4950758650574995,
  "avg_precision": 0.6278588151478249,
  "avg_recall": 0.7500641147727551,
  "avg_specificity": 0.9911485702332496,
  "avg_mse": 0.011238728959174098,
  "avg_binary_mse": 0.013750457763671875,
  "avg_pixel_accuracy": 0.9862495422363281,
  "avg_balanced_accuracy": 0.870606341699637,
  "avg_foreground_pixel_share": 0.019584025507387907,
  "avg_predicted_foreground_pixel_share": 0.023179891835088316,
  "threshold_sweep_csv": "/zhome/da/1/205333/bachelor_seg/runs_la_lb_bce_dice_percentile_batch1_80_10_10/20260521_204006/inference/threshold_sweep.csv",
  "best_threshold_by_dice": 0.4,
  "best_threshold_avg_dice": 0.6323378375690917,
  "checkpoint_epoch": 96
}