threshold,avg_dice,avg_f1,avg_iou,avg_precision,avg_recall,avg_mse,avg_binary_mse,avg_pixel_accuracy,avg_balanced_accuracy
0.2,0.6305022296698197,0.6305022296698197,0.4950758650574995,0.6278588151478249,0.7500641147727551,0.011238728959174098,0.013750457763671875,0.9862495422363281,0.870606341699637
0.3,0.6318416104368542,0.6318416104368542,0.4963615216314793,0.6380278461977191,0.7389400015706601,0.011238728959174098,0.013367395815641983,0.986632604184358,0.8653794009241956
0.4,0.6323378375690917,0.6323378375690917,0.4966904059376406,0.6457968987848448,0.7297747149415638,0.011238728959174098,0.013114099917204483,0.9868859000827955,0.8610403363071621
0.5,0.6322859079293582,0.6322859079293582,0.4964930316352326,0.6528210062695586,0.7207101933334185,0.011238728959174098,0.012914972719938859,0.9870850272800611,0.8567194194027249
0.6,0.6319932936974194,0.6319932936974194,0.49600388760799946,0.659656750086857,0.7116547002740529,0.011238728959174098,0.012737639054008152,0.9872623609459918,0.8523961835974293
